{
	"info": {
		"_postman_id": "a62e2290-ad74-45f0-a402-6c8f58a29a8d",
		"name": "CCPrompt Management",
		"schema": "https://schema.getpostman.com/json/collection/v2.1.0/collection.json",
		"_exporter_id": "15314799"
	},
	"item": [
		{
			"name": "Get All Data",
			"request": {
				"method": "GET",
				"header": [],
				"url": {
					"raw": "https://62.mockapi.io/WXCC/CCPrompts/",
					"protocol": "https",
					"host": [
						"62",
						"mockapi",
						"io"
					],
					"path": [
						"WXCC",
						"CCPrompts",
						""
					]
				}
			},
			"response": [
				{
					"name": "Get All Data",
					"originalRequest": {
						"method": "GET",
						"header": [],
						"url": {
							"raw": "https://626aa1b27f8c1826c3b9f4e4.mockapi.io/WXCC/CCPrompts",
							"protocol": "https",
							"host": [
								"626aa1b27f8c1826c3b9f4e4",
								"mockapi",
								"io"
							],
							"path": [
								"WXCC",
								"CCPrompts"
							]
						}
					},
					"status": "OK",
					"code": 200,
					"_postman_previewlanguage": "json",
					"header": [
						{
							"key": "Server",
							"value": "Cowboy"
						},
						{
							"key": "Connection",
							"value": "keep-alive"
						},
						{
							"key": "X-Powered-By",
							"value": "Express"
						},
						{
							"key": "Access-Control-Allow-Origin",
							"value": "*"
						},
						{
							"key": "Access-Control-Allow-Methods",
							"value": "GET,PUT,POST,DELETE,OPTIONS"
						},
						{
							"key": "Access-Control-Allow-Headers",
							"value": "X-Requested-With,Content-Type,Cache-Control,access_token"
						},
						{
							"key": "Content-Type",
							"value": "application/json"
						},
						{
							"key": "Content-Length",
							"value": "193"
						},
						{
							"key": "Etag",
							"value": "\"-1473175640\""
						},
						{
							"key": "Vary",
							"value": "Accept-Encoding"
						},
						{
							"key": "Date",
							"value": "Fri, 09 Dec 2022 14:02:41 GMT"
						},
						{
							"key": "Via",
							"value": "1.1 vegur"
						}
					],
					"cookie": [],
					"body": "[\n    {\n        \"CCStatus\": \"Open\",\n        \"CCMode\": \"Audio\",\n        \"Greetings\": {\n            \"Open\": \"We are Open\",\n            \"Closed\": \"We Are Closed\",\n            \"Emergency\": \"It is an emergency\",\n            \"Custom 1\": \"Custom Greeting 1\",\n            \"Custom 2\": \"Custom Greeting 2\"\n        }\n    }\n]"
				}
			]
		},
		{
			"name": "Update CCMode to Audio",
			"request": {
				"method": "PATCH",
				"header": [],
				"body": {
					"mode": "raw",
					"raw": "    {\n        \"CCMode\": \"Audio\"\n    }",
					"options": {
						"raw": {
							"language": "json"
						}
					}
				},
				"url": {
					"raw": "https://62.mockapi.io/WXCC/CCPrompts/1",
					"protocol": "https",
					"host": [
						"62",
						"mockapi",
						"io"
					],
					"path": [
						"WXCC",
						"CCPrompts",
						"1"
					],
					"query": [
						{
							"key": "CCStatus",
							"value": null,
							"disabled": true
						},
						{
							"key": "Greetings",
							"value": "..",
							"disabled": true
						}
					]
				}
			},
			"response": []
		},
		{
			"name": "Update CCMode to Text",
			"request": {
				"method": "PATCH",
				"header": [],
				"body": {
					"mode": "raw",
					"raw": "    {\n        \"CCMode\": \"Text\"\n    }",
					"options": {
						"raw": {
							"language": "json"
						}
					}
				},
				"url": {
					"raw": "https://62.mockapi.io/WXCC/CCPrompts/1",
					"protocol": "https",
					"host": [
						"62",
						"mockapi",
						"io"
					],
					"path": [
						"WXCC",
						"CCPrompts",
						"1"
					],
					"query": [
						{
							"key": "CCStatus",
							"value": null,
							"disabled": true
						},
						{
							"key": "Greetings",
							"value": "..",
							"disabled": true
						}
					]
				}
			},
			"response": []
		},
		{
			"name": "Update CCStatus to Open",
			"request": {
				"method": "PATCH",
				"header": [],
				"body": {
					"mode": "raw",
					"raw": "    {\n        \"CCStatus\": \"Open\"\n    }",
					"options": {
						"raw": {
							"language": "json"
						}
					}
				},
				"url": {
					"raw": "https://62.mockapi.io/WXCC/CCPrompts/1",
					"protocol": "https",
					"host": [
						"62",
						"mockapi",
						"io"
					],
					"path": [
						"WXCC",
						"CCPrompts",
						"1"
					],
					"query": [
						{
							"key": "CCStatus",
							"value": null,
							"disabled": true
						},
						{
							"key": "Greetings",
							"value": "..",
							"disabled": true
						}
					]
				}
			},
			"response": []
		},
		{
			"name": "Update CCStatus to Closed",
			"request": {
				"method": "PATCH",
				"header": [],
				"body": {
					"mode": "raw",
					"raw": "    {\n        \"CCStatus\": \"Closed\"\n    }",
					"options": {
						"raw": {
							"language": "json"
						}
					}
				},
				"url": {
					"raw": "https://62.mockapi.io/WXCC/CCPrompts/1",
					"protocol": "https",
					"host": [
						"62",
						"mockapi",
						"io"
					],
					"path": [
						"WXCC",
						"CCPrompts",
						"1"
					],
					"query": [
						{
							"key": "CCStatus",
							"value": null,
							"disabled": true
						},
						{
							"key": "Greetings",
							"value": "..",
							"disabled": true
						}
					]
				}
			},
			"response": []
		},
		{
			"name": "Update CCStatus to Emergency",
			"request": {
				"method": "PATCH",
				"header": [],
				"body": {
					"mode": "raw",
					"raw": "    {\n        \"CCStatus\": \"Emergency\"\n    }",
					"options": {
						"raw": {
							"language": "json"
						}
					}
				},
				"url": {
					"raw": "https://62.mockapi.io/WXCC/CCPrompts/1",
					"protocol": "https",
					"host": [
						"62",
						"mockapi",
						"io"
					],
					"path": [
						"WXCC",
						"CCPrompts",
						"1"
					],
					"query": [
						{
							"key": "CCStatus",
							"value": null,
							"disabled": true
						},
						{
							"key": "Greetings",
							"value": "..",
							"disabled": true
						}
					]
				}
			},
			"response": []
		},
		{
			"name": "Update CCStatus to Custom1",
			"request": {
				"method": "PATCH",
				"header": [],
				"body": {
					"mode": "raw",
					"raw": "    {\n        \"CCStatus\": \"Custom1\"\n    }",
					"options": {
						"raw": {
							"language": "json"
						}
					}
				},
				"url": {
					"raw": "https://62.mockapi.io/WXCC/CCPrompts/1",
					"protocol": "https",
					"host": [
						"62",
						"mockapi",
						"io"
					],
					"path": [
						"WXCC",
						"CCPrompts",
						"1"
					],
					"query": [
						{
							"key": "CCStatus",
							"value": null,
							"disabled": true
						},
						{
							"key": "Greetings",
							"value": "..",
							"disabled": true
						}
					]
				}
			},
			"response": []
		},
		{
			"name": "Update CCStatus to Custom2",
			"request": {
				"method": "PATCH",
				"header": [],
				"body": {
					"mode": "raw",
					"raw": "    {\n        \"CCStatus\": \"Custom2\"\n    }",
					"options": {
						"raw": {
							"language": "json"
						}
					}
				},
				"url": {
					"raw": "https://62.mockapi.io/WXCC/CCPrompts/1",
					"protocol": "https",
					"host": [
						"62",
						"mockapi",
						"io"
					],
					"path": [
						"WXCC",
						"CCPrompts",
						"1"
					],
					"query": [
						{
							"key": "CCStatus",
							"value": null,
							"disabled": true
						},
						{
							"key": "Greetings",
							"value": "..",
							"disabled": true
						}
					]
				}
			},
			"response": []
		},
		{
			"name": "UpdateGreetingText",
			"request": {
				"method": "PATCH",
				"header": [],
				"body": {
					"mode": "raw",
					"raw": "{\n    \"Greetings\": {\n        \"Open\": \"The contact centre is currently Open.\",\n        \"Closed\": \"The contact centgfje is currently closed\",\n        \"Emergency\": \"It is currently an emergency.\",\n        \"Custom1\": \"This is a custom Greefgjting number 1\",\n        \"Custom2\": \"This is a Custom Greeting number 2\"\n    },\n    \"id\": \"1\"\n}",
					"options": {
						"raw": {
							"language": "json"
						}
					}
				},
				"url": {
					"raw": "https://62.mockapi.io/WXCC/CCPrompts/1",
					"protocol": "https",
					"host": [
						"62",
						"mockapi",
						"io"
					],
					"path": [
						"WXCC",
						"CCPrompts",
						"1"
					],
					"query": [
						{
							"key": "CCStatus",
							"value": null,
							"disabled": true
						},
						{
							"key": "Greetings",
							"value": "..",
							"disabled": true
						}
					]
				}
			},
			"response": []
		}
	]
}